assemblyID,Species,clade,subfamily,tribe
ASM2160514v1,Aegilops bicornis,BOP,Pooideae,Triticeae
Aegilops_cylindrica,Aegilops cylindrica,BOP,Pooideae,Triticeae
SRR2219562,Aegilops geniculata,BOP,Pooideae,Triticeae
ASM2160520v1,Aegilops longissima,BOP,Pooideae,Triticeae
aegilops_longissima_6782_assembly,Aegilops longissima,BOP,Pooideae,Triticeae
Aegilops_markgrafii,Aegilops markgrafii,BOP,Pooideae,Triticeae
ASM2160518v1,Aegilops searsii,BOP,Pooideae,Triticeae
aegilops_sharonensis_1644_assembly,Aegilops sharonensis,BOP,Pooideae,Triticeae
ASM2164183v1,Aegilops sharonensis,BOP,Pooideae,Triticeae
ASM2143724v1,Aegilops speltoides,BOP,Pooideae,Triticeae
aegilops_speltoides_cv_tivon,Aegilops speltoides,BOP,Pooideae,Triticeae
Aet_v5.0,Aegilops tauschii,BOP,Pooideae,Triticeae
Aegilops_triuncialis,Aegilops triuncialis,BOP,Pooideae,Triticeae
ASM3246443v1,Aegilops umbellulata,BOP,Pooideae,Triticeae
ERR7747980,Aegilops ventricosa,BOP,Pooideae,Triticeae
Agropyron_cristatum,Agropyron cristatum,BOP,Pooideae,Triticeae
SRR18685846,Alloteropsis angusta,PACMAD,Panicoideae,Paniceae
AANG_UGA4,Alloteropsis angusta,PACMAD,Panicoideae,Paniceae
Alloteropsis_cimicina,Alloteropsis cimicina,PACMAD,Panicoideae,Paniceae
ASEM_AUS1_V1.0,Alloteropsis semialata,PACMAD,Panicoideae,Paniceae
TAN1-04B,Alloteropsis semialata,PACMAD,Panicoideae,Paniceae
RSA5-3,Alloteropsis semialata,PACMAD,Panicoideae,Paniceae
ZAM1505-10,Alloteropsis semialata,PACMAD,Panicoideae,Paniceae
Alomy_genome_v1,Alopecurus myosuroides,BOP,Pooideae,Poeae
DE01087.PacbioCLRassembly,Alopecurus myosuroides,BOP,Pooideae,Poeae
SRR17037945,Amblyopyrum muticum,BOP,Pooideae,Triticeae
KIB_Aluo_1,Ampelocalamus luodianensis,BOP,Bambusoideae,Arundinarieae
AN22TNTL030,Anadelphia polychaeta,PACMAD,Panicoideae,Andropogoneae
AN21TNTL0087,Anadelphia scyphofera,PACMAD,Panicoideae,Andropogoneae
MCRTL031,Anadelphia scyphofera,PACMAD,Panicoideae,Andropogoneae
AN21TSTL0285,Anadelphia trepidaria,PACMAD,Panicoideae,Andropogoneae
AN22TNTL149,Anadelphia trispiculata,PACMAD,Panicoideae,Andropogoneae
Av-Kellogg1287_8-REFERENCE-PanAnd-1.0,Anatherum virginicum,PACMAD,Panicoideae,Andropogoneae
AN20T168,Andropogon amethystinus,PACMAD,Panicoideae,Andropogoneae
MCRTL036,Andropogon andringitrensis,PACMAD,Panicoideae,Andropogoneae
AN22TNTL109,Andropogon angustatus,PACMAD,Panicoideae,Andropogoneae
MCRTL045,Andropogon appendiculatus,PACMAD,Panicoideae,Andropogoneae
AN21TSTL0183,Andropogon arctatus,PACMAD,Panicoideae,Andropogoneae
AN21TSTL0242,Andropogon arenarius,PACMAD,Panicoideae,Andropogoneae
AN22TNTL031,Andropogon aridus,PACMAD,Panicoideae,Andropogoneae
AN22TNTL108,Andropogon auriculatus,PACMAD,Panicoideae,Andropogoneae
AN21TNTL0177,Andropogon bicornis,PACMAD,Panicoideae,Andropogoneae
AN21TSTL0179,Andropogon bicornis,PACMAD,Panicoideae,Andropogoneae
AN21TSTL0217,Andropogon bicornis,PACMAD,Panicoideae,Andropogoneae
AN21TS04,Andropogon brachystachyus,PACMAD,Panicoideae,Andropogoneae
AN22TNTL113,Andropogon brazzae,PACMAD,Panicoideae,Andropogoneae
Ab-Traiperm_572-DRAFT-PanAnd-1.0,Andropogon burmanicus,PACMAD,Panicoideae,Andropogoneae
AN21TNTL0076,Andropogon campestris,PACMAD,Panicoideae,Andropogoneae
AN21TS35,Andropogon capillipes,PACMAD,Panicoideae,Andropogoneae
AN22TNTL110,Andropogon carinatus,PACMAD,Panicoideae,Andropogoneae
Ac-Pasquet1232-DRAFT-PanAnd-1.0,Andropogon chinensis,PACMAD,Panicoideae,Andropogoneae
AN22TNTL123,Andropogon chrysostachyus,PACMAD,Panicoideae,Andropogoneae
AN21TSTL0243,Andropogon crossotos,PACMAD,Panicoideae,Andropogoneae
AN22TNTL171,Andropogon crossotos,PACMAD,Panicoideae,Andropogoneae
AN22TNTL026,Andropogon crucianus,PACMAD,Panicoideae,Andropogoneae
AN22TNTL125,Andropogon curvifolius,PACMAD,Panicoideae,Andropogoneae
AN22TNTL122,Andropogon durifolius,PACMAD,Panicoideae,Andropogoneae
AN20T169,Andropogon eucomus,PACMAD,Panicoideae,Andropogoneae
AN20T021,Andropogon eucomus,PACMAD,Panicoideae,Andropogoneae
AN22TNTL111,Andropogon eucomus,PACMAD,Panicoideae,Andropogoneae
AN22TNTL121,Andropogon exaratus,PACMAD,Panicoideae,Andropogoneae
AN21TS24,Andropogon floridanus,PACMAD,Panicoideae,Andropogoneae
AN21TNTL0074,Andropogon gayanus,PACMAD,Panicoideae,Andropogoneae
AN21TSTL0184,Andropogon gayanus,PACMAD,Panicoideae,Andropogoneae
Ag-CAM1351-DRAFT-PanAnd-1.0,Andropogon gerardii,PACMAD,Panicoideae,Andropogoneae
AN21TNTL0105,Andropogon glaucophyllus,PACMAD,Panicoideae,Andropogoneae
AN21TSTL0185,Andropogon glomeratus,PACMAD,Panicoideae,Andropogoneae
AN21TNTL0077,Andropogon greenwayi,PACMAD,Panicoideae,Andropogoneae
AN21TSTL0246,Andropogon gyrans,PACMAD,Panicoideae,Andropogoneae
AN21TSTL0247,Andropogon hallii,PACMAD,Panicoideae,Andropogoneae
MCRTL041,Andropogon heterantherus,PACMAD,Panicoideae,Andropogoneae
AN22TNTL118,Andropogon hypogynus,PACMAD,Panicoideae,Andropogoneae
AN20T170,Andropogon ibityensis,PACMAD,Panicoideae,Andropogoneae
AN20T022,Andropogon ibityensis,PACMAD,Panicoideae,Andropogoneae
AN21TNTL0111,Andropogon ingratus,PACMAD,Panicoideae,Andropogoneae
AN20T039,Andropogon itremoensis,PACMAD,Panicoideae,Andropogoneae
MCRTL057,Andropogon itremoensis,PACMAD,Panicoideae,Andropogoneae
AN20T172,Andropogon ivohibensis,PACMAD,Panicoideae,Andropogoneae
AN20T036,Andropogon ivohibensis,PACMAD,Panicoideae,Andropogoneae
MCRTL065,Andropogon ivorensis,PACMAD,Panicoideae,Andropogoneae
AT20TN1MCRTL046,Andropogon kelleri,PACMAD,Panicoideae,Andropogoneae
AN21TS52,Andropogon lateralis,PACMAD,Panicoideae,Andropogoneae
MCRTL051,Andropogon leprodes,PACMAD,Panicoideae,Andropogoneae
AN21TSTL0056,Andropogon leucostachyus,PACMAD,Panicoideae,Andropogoneae
AN21TNTL0112,Andropogon lima,PACMAD,Panicoideae,Andropogoneae
MCRTL047,Andropogon lividus,PACMAD,Panicoideae,Andropogoneae
MCRTL068,Andropogon longiberbis,PACMAD,Panicoideae,Andropogoneae
AN21TS53,Andropogon macrothrix,PACMAD,Panicoideae,Andropogoneae
AN22TNTL117,Andropogon mannii,PACMAD,Panicoideae,Andropogoneae
AN22TNTL116,Andropogon mohrii,PACMAD,Panicoideae,Andropogoneae
AN21TSTL0187,Andropogon munroi,PACMAD,Panicoideae,Andropogoneae
AN21TSTL0036,Andropogon perligulatus,PACMAD,Panicoideae,Andropogoneae
AN21TNTL0075,Andropogon pringlei,PACMAD,Panicoideae,Andropogoneae
AN21TS02,Andropogon pseudapricus,PACMAD,Panicoideae,Andropogoneae
MCRTL058,Andropogon pumilus,PACMAD,Panicoideae,Andropogoneae
AN21TS50,Andropogon schirensis,PACMAD,Panicoideae,Andropogoneae
AN21TS57,Andropogon selloanus,PACMAD,Panicoideae,Andropogoneae
AN20T004,Andropogon sp.,PACMAD,Panicoideae,Andropogoneae
AN21TSTL0218,Andropogon sp.,PACMAD,Panicoideae,Andropogoneae
AN21TSTL0186,Andropogon tectorum,PACMAD,Panicoideae,Andropogoneae
AN21TS17,Andropogon ternarius,PACMAD,Panicoideae,Andropogoneae
AN21TS54,Andropogon ternatus,PACMAD,Panicoideae,Andropogoneae
MCRTL044,Andropogon textilis,PACMAD,Panicoideae,Andropogoneae
AN20T035,Andropogon trichozygus,PACMAD,Panicoideae,Andropogoneae
AN21TS55,Andropogon virgatus,PACMAD,Panicoideae,Andropogoneae
MCRTL032,Andropterum stolzii,PACMAD,Panicoideae,Andropogoneae
AN21TS31,Apluda mutica,PACMAD,Panicoideae,Andropogoneae
AN20T174,Arthraxon antsirabensis,PACMAD,Panicoideae,Andropogoneae
AN22TNTL028,Arthraxon cuspidatus,PACMAD,Panicoideae,Andropogoneae
AN21TSTL0188,Arthraxon hispidus,PACMAD,Panicoideae,Andropogoneae
AN21TS30,Arthraxon junnarensis,PACMAD,Panicoideae,Andropogoneae
AN21TNTL0107,Arthraxon lanceolatus,PACMAD,Panicoideae,Andropogoneae
AN21TNTL0106,Arthraxon lancifolius,PACMAD,Panicoideae,Andropogoneae
AN21TNTL0108,Arthraxon meeboldii,PACMAD,Panicoideae,Andropogoneae
AN21TNTL0109,Arthraxon microphyllus,PACMAD,Panicoideae,Andropogoneae
AN21TSTL0232,Arthraxon microphyllus,PACMAD,Panicoideae,Andropogoneae
AN21TSTL0241,Arthraxon prionodes,PACMAD,Panicoideae,Andropogoneae
AN22TNTL170,Arthraxon prionodes,PACMAD,Panicoideae,Andropogoneae
Avena_agadiriana,Avena agadiriana,BOP,Pooideae,Poeae
Avena_atlantica_CC7277_v1_assembly,Avena atlantica,BOP,Pooideae,Poeae
SRR15096507,Avena barbata,BOP,Pooideae,Poeae
SRR6056491,Avena brevis,BOP,Pooideae,Poeae
SRR23019076,Avena byzantina,BOP,Pooideae,Poeae
Avena_canariensis,Avena canariensis,BOP,Pooideae,Poeae
Avena_clauda,Avena clauda,BOP,Pooideae,Poeae
Avena_damascena,Avena damascena,BOP,Pooideae,Poeae
Avena_eriantha_BYU132_v1_assembly,Avena eriantha,BOP,Pooideae,Poeae
SRR23019254,Avena fatua,BOP,Pooideae,Poeae
Avena_hirtula,Avena hirtula,BOP,Pooideae,Poeae
ASM2361440v1,Avena insularis,BOP,Pooideae,Poeae
Avena_insularis_BYU209_v1_assembly,Avena insularis,BOP,Pooideae,Poeae
ASM3006302v1,Avena longiglumis,BOP,Pooideae,Poeae
Avena_longiglumis_CN58138_v1_assembly,Avena longiglumis,BOP,Pooideae,Poeae
Avena_lusitanica,Avena lusitanica,BOP,Pooideae,Poeae
SRR14867315,Avena maroccana,BOP,Pooideae,Poeae
SRR14924115,Avena murphyi,BOP,Pooideae,Poeae
SRR23019086,Avena nuda,BOP,Pooideae,Poeae
SRR23019235,Avena occidentalis,BOP,Pooideae,Poeae
Oat_OT3098_v2,Avena sativa,BOP,Pooideae,Poeae
ASM2364667v1,Avena sativa,BOP,Pooideae,Poeae
Avena_sativa_cv_Sang_v1_assembly,Avena sativa,BOP,Pooideae,Poeae
RSPBVictoria1.0,Avena sativa,BOP,Pooideae,Poeae
SRR23019232,Avena sterilis,BOP,Pooideae,Poeae
ERR5945840,Avena strigosa,BOP,Pooideae,Poeae
SRR14914973,Avena ventricosa,BOP,Pooideae,Poeae
Avena_wiestii,Avena wiestii,BOP,Pooideae,Poeae
SRR13627099,Bambusa albolineata,BOP,Bambusoideae,Bambuseae
SRR18907695,Bambusa grandis,BOP,Bambusoideae,Bambuseae
KIB_Bamp_2,Bonia amplexicaulis,BOP,Bambusoideae,Bambuseae
AN21TSTL0190,Bothriochloa alta,PACMAD,Panicoideae,Andropogoneae
AN21TSTL0191,Bothriochloa barbinodis,PACMAD,Panicoideae,Andropogoneae
AN21TSTL0276,Bothriochloa bladhii,PACMAD,Panicoideae,Andropogoneae
AN21TSTL0240,Bothriochloa campii,PACMAD,Panicoideae,Andropogoneae
AN22TNTL169,Bothriochloa campii,PACMAD,Panicoideae,Andropogoneae
AN20T014,Bothriochloa decipiens,PACMAD,Panicoideae,Andropogoneae
ASM2333362v1,Bothriochloa decipiens,PACMAD,Panicoideae,Andropogoneae
AN21TSTL0277,Bothriochloa edwardsiana,PACMAD,Panicoideae,Andropogoneae
AN21TSTL0278,Bothriochloa ewartiana,PACMAD,Panicoideae,Andropogoneae
AN21TSTL0189,Bothriochloa exaristata,PACMAD,Panicoideae,Andropogoneae
AN21TSTL0279,Bothriochloa grahamii,PACMAD,Panicoideae,Andropogoneae
AN21TNTL0081,Bothriochloa hirtifolia,PACMAD,Panicoideae,Andropogoneae
AN21TNTL0082,Bothriochloa hirtifolia,PACMAD,Panicoideae,Andropogoneae
AN22TNTL126,Bothriochloa hirtifolia,PACMAD,Panicoideae,Andropogoneae
AN21TSTL0280,Bothriochloa hybrida,PACMAD,Panicoideae,Andropogoneae
AN21TNTL0079,Bothriochloa imperatoides,PACMAD,Panicoideae,Andropogoneae
A1010002,Bothriochloa insculpta,PACMAD,Panicoideae,Andropogoneae
AN21TSTL0281,Bothriochloa ischaemum,PACMAD,Panicoideae,Andropogoneae
Bl-K1279B-DRAFT-PanAnd-1.0,Bothriochloa laguroides,PACMAD,Panicoideae,Andropogoneae
AN21TS58,Bothriochloa longipaniculata,PACMAD,Panicoideae,Andropogoneae
AN21TNTL0175,Bothriochloa macra,PACMAD,Panicoideae,Andropogoneae
AN21TSTL0271,Bothriochloa macra,PACMAD,Panicoideae,Andropogoneae
AN20TSCR000199,Bothriochloa pertusa,PACMAD,Panicoideae,Andropogoneae
AN21TSTL0219,Bothriochloa radicans,PACMAD,Panicoideae,Andropogoneae
AN21TSTL0220,Bothriochloa saccharoides,PACMAD,Panicoideae,Andropogoneae
AN21TNTL0085,Bothriochloa springfieldii,PACMAD,Panicoideae,Andropogoneae
AN21TSTL0221,Bothriochloa springfieldii,PACMAD,Panicoideae,Andropogoneae
AN21TNTL0083,Bothriochloa torreyana,PACMAD,Panicoideae,Andropogoneae
AN21TSTL0222,Bothriochloa woodrovii,PACMAD,Panicoideae,Andropogoneae
BdistachyonTek_4_332_v1,Brachypodium distachyon,BOP,Pooideae,Brachypodieae
Brachypodium_distachyon_v3.0,Brachypodium distachyon,BOP,Pooideae,Brachypodieae
ASM289233v1,Brachypodium distachyon,BOP,Pooideae,Brachypodieae
ASM289229v1,Brachypodium distachyon,BOP,Pooideae,Brachypodieae
ASM174212v1,Brachypodium distachyon,BOP,Pooideae,Brachypodieae
Bhybridum_463_v1.0,Brachypodium hybridum,BOP,Pooideae,Brachypodieae
Brachypodium_stacei,Brachypodium stacei,BOP,Pooideae,Brachypodieae
lpBroSter1.1,Bromus sterilis,BOP,Pooideae,Bromeae
lpBroSter1.1_alternate_haplotype,Bromus sterilis,BOP,Pooideae,Bromeae
Bromus_tectorum,Bromus tectorum,BOP,Pooideae,Bromeae
AN21TNTL0114,Capillipedium kwashotense,PACMAD,Panicoideae,Andropogoneae
AN21TSTL0223,Capillipedium spicigerum,PACMAD,Panicoideae,Andropogoneae
AN21TSTL0244,Capillipedium spicigerum,PACMAD,Panicoideae,Andropogoneae
pearl_millet_23DB_ONT_assembly,Cenchrus americanus,PACMAD,Panicoideae,Paniceae
ASM2073956v1,Cenchrus americanus,PACMAD,Panicoideae,Paniceae
ASM2073958v1,Cenchrus americanus,PACMAD,Panicoideae,Paniceae
ASM2073952v1,Cenchrus americanus,PACMAD,Panicoideae,Paniceae
ASM2073957v1,Cenchrus americanus,PACMAD,Panicoideae,Paniceae
ASM3693692v1,Cenchrus fungigraminus,PACMAD,Panicoideae,Paniceae
ASM2264469v1,Cenchrus purpureus,PACMAD,Panicoideae,Paniceae
C_purpureuscv._Purple,Cenchrus purpureus,PACMAD,Panicoideae,Paniceae
SRR7121923,Cenchrus qianningensis,PACMAD,Panicoideae,Paniceae
Chimonobambusa_convoluta,Chimonobambusa convoluta,BOP,Bambusoideae,Arundinarieae
SRR7121595,Chloris barbata,PACMAD,Chloridoideae,Cynodonteae
ASM3189477v1,Chloris gayana,PACMAD,Chloridoideae,Cynodonteae
AN21TS06,Chrysopogon aciculatus,PACMAD,Panicoideae,Andropogoneae
MCRTL042,Chrysopogon aciculatus,PACMAD,Panicoideae,Andropogoneae
AN21TNTL0117,Chrysopogon aucheri,PACMAD,Panicoideae,Andropogoneae
AN21TNTL0118,Chrysopogon fallax,PACMAD,Panicoideae,Andropogoneae
AN21TSTL0245,Chrysopogon filipes,PACMAD,Panicoideae,Andropogoneae
AN21TSTL0253,Chrysopogon fulvibarbis,PACMAD,Panicoideae,Andropogoneae
AN21TNTL0119,Chrysopogon fulvus,PACMAD,Panicoideae,Andropogoneae
AN21TNTL0120,Chrysopogon gryllus,PACMAD,Panicoideae,Andropogoneae
AN20T177,Chrysopogon humbertianus,PACMAD,Panicoideae,Andropogoneae
ChrysopogonNigritanus_v1.0,Chrysopogon nigritanus,PACMAD,Panicoideae,Andropogoneae
AN21TSTL0227,Chrysopogon orientalis,PACMAD,Panicoideae,Andropogoneae
AN21TSTL0226,Chrysopogon pauciflorus,PACMAD,Panicoideae,Andropogoneae
AN21TSTL0180,Chrysopogon plumulosus,PACMAD,Panicoideae,Andropogoneae
AN21TNTL0144,Chrysopogon schmidianus,PACMAD,Panicoideae,Andropogoneae
Cs-KelloggPI219580-DRAFT-PanAnd-1.0,Chrysopogon serrulatus,PACMAD,Panicoideae,Andropogoneae
Cs-A1013-Draft-PanAnd-1.0,Chrysopogon serrulatus,PACMAD,Panicoideae,Andropogoneae
A1014002,Chrysopogon zizanioides,PACMAD,Panicoideae,Andropogoneae
AN21TNTL0115,Clausospicula extensa,PACMAD,Panicoideae,Andropogoneae
AN21TNTL0116,Cleistachne sorghoides,PACMAD,Panicoideae,Andropogoneae
SRR8208363,Cleistogenes squarrosa,PACMAD,Chloridoideae,Cynodonteae
A1015002,Coelorachis tuberculosa,PACMAD,Panicoideae,Andropogoneae
ASM972507v1,Coix aquatica,PACMAD,Panicoideae,Andropogoneae
AN21TS25,Coix lacryma-jobi,PACMAD,Panicoideae,Andropogoneae
ASM976338v1,Coix lacryma-jobi,PACMAD,Panicoideae,Andropogoneae
Adlay_draft_genome_1.0,Coix lacryma-jobi,PACMAD,Panicoideae,Andropogoneae
AN21TSTL0194,Cymbopogon ambiguus,PACMAD,Panicoideae,Andropogoneae
AN21TNTL0102,Cymbopogon bhutanicus,PACMAD,Panicoideae,Andropogoneae
AN20T175,Cymbopogon caesius,PACMAD,Panicoideae,Andropogoneae
Cc-PI314907-DRAFT-PanAnd-1.0,Cymbopogon citratus,PACMAD,Panicoideae,Andropogoneae
Ccit.v1.0,Cymbopogon citratus,PACMAD,Panicoideae,Andropogoneae
AN20T176,Cymbopogon commutatus,PACMAD,Panicoideae,Andropogoneae
AN21TNTL0094,Cymbopogon densiflorus,PACMAD,Panicoideae,Andropogoneae
AN21TSTL0238,Cymbopogon dependens,PACMAD,Panicoideae,Andropogoneae
AN21TNTL0104,Cymbopogon dieterlenii,PACMAD,Panicoideae,Andropogoneae
AN21TSTL0272,Cymbopogon distans,PACMAD,Panicoideae,Andropogoneae
AN21TS14,Cymbopogon flexuosus,PACMAD,Panicoideae,Andropogoneae
ASM2779001v1,Cymbopogon flexuosus,PACMAD,Panicoideae,Andropogoneae
AN21TSTL0192,Cymbopogon giganteus,PACMAD,Panicoideae,Andropogoneae
AN21TSTL0236,Cymbopogon goeringii,PACMAD,Panicoideae,Andropogoneae
AN21TSTL0273,Cymbopogon iwarancusa,PACMAD,Panicoideae,Andropogoneae
AN21TSTL0237,Cymbopogon khasianus,PACMAD,Panicoideae,Andropogoneae
AN21TSTL0195,Cymbopogon martini,PACMAD,Panicoideae,Andropogoneae
AN21TS34,Cymbopogon nardus,PACMAD,Panicoideae,Andropogoneae
AN20T011,Cymbopogon obtectus,PACMAD,Panicoideae,Andropogoneae
AN22TNTL037,Cymbopogon osmastonii,PACMAD,Panicoideae,Andropogoneae
AN21TSTL0193,Cymbopogon pospischilii,PACMAD,Panicoideae,Andropogoneae
Cr-AUB069-DRAFT-PanAnd-1.0,Cymbopogon refractus,PACMAD,Panicoideae,Andropogoneae
AN21TSTL0274,Cymbopogon schoenanthus,PACMAD,Panicoideae,Andropogoneae
AN21TS28,Cymbopogon winterianus,PACMAD,Panicoideae,Andropogoneae
Cynodon_dactylon,Cynodon dactylon,PACMAD,Chloridoideae,Cynodonteae
Cynodon_nlemfuensis,Cynodon nlemfuensis,PACMAD,Chloridoideae,Cynodonteae
ASM711570v1,Dactylis glomerata,BOP,Pooideae,Poeae
ASM289264v1,Dactylis glomerata,BOP,Pooideae,Poeae
mabamboo_1.0,Dendrocalamus latiflorus,BOP,Bambusoideae,Bambuseae
KIB_Dsin_1,Dendrocalamus sinicus,BOP,Bambusoideae,Bambuseae
SRR1158316,Deschampsia antarctica,BOP,Pooideae,Poeae
ASM163321v2,Dichanthelium oligosanthes,PACMAD,Panicoideae,Paniceae
A1020001,Dichanthium annulatum,PACMAD,Panicoideae,Andropogoneae
AN20T179,Dichanthium aristatum,PACMAD,Panicoideae,Andropogoneae
AN22TNTL128,Dichanthium caricosum,PACMAD,Panicoideae,Andropogoneae
AN21TSTL0235,Dichanthium fecundum,PACMAD,Panicoideae,Andropogoneae
AT20TS1MCRTL004,Dichanthium foveolatum,PACMAD,Panicoideae,Andropogoneae
AN21TSTL0196,Dichanthium sericeum,PACMAD,Panicoideae,Andropogoneae
AN21TSTL0231,Dichanthium sericeum,PACMAD,Panicoideae,Andropogoneae
AN21TNTL0169,Diectomis fastigiata,PACMAD,Panicoideae,Andropogoneae
AN21TS08,Diectomis fastigiata,PACMAD,Panicoideae,Andropogoneae
DiExil,Digitaria exilis,PACMAD,Panicoideae,Paniceae
CM05836_v1.1,Digitaria exilis,PACMAD,Panicoideae,Paniceae
Fonio_CM05836,Digitaria exilis,PACMAD,Panicoideae,Paniceae
AN21TS37,Digitaria iburua,PACMAD,Panicoideae,Paniceae
AN20T183,Diheteropogon amplectens,PACMAD,Panicoideae,Andropogoneae
AN21TNTL0172,Diheteropogon amplectens,PACMAD,Panicoideae,Andropogoneae
AN21TS16,Diheteropogon amplectens,PACMAD,Panicoideae,Andropogoneae
AN20T184,Diheteropogon filifolius,PACMAD,Panicoideae,Andropogoneae
MCRTL028,Diheteropogon filifolius,PACMAD,Panicoideae,Andropogoneae
AN21TS23,Diheteropogon hagerupii,PACMAD,Panicoideae,Andropogoneae
AN21TNTL0139,Dimeria aristata,PACMAD,Panicoideae,Andropogoneae
AN21TNTL0100,Dimeria chloridiformis,PACMAD,Panicoideae,Andropogoneae
AN21TS51,Dimeria lawsonii,PACMAD,Panicoideae,Andropogoneae
AN22TNTL036,Dimeria mooneyi,PACMAD,Panicoideae,Andropogoneae
MCRTL040,Dimeria ornithopoda,PACMAD,Panicoideae,Andropogoneae
AN21TNTL0101,Dimeria pubescens,PACMAD,Panicoideae,Andropogoneae
Dinebra_chinensis,Dinebra chinensis,PACMAD,Chloridoideae,Cynodonteae
ASM90020540v1,Echinochloa crus-galli,PACMAD,Panicoideae,Paniceae
ASM2511822v1,Echinochloa crus-galli,PACMAD,Panicoideae,Paniceae
ASM3323972v1,Echinochloa phyllopogon,PACMAD,Panicoideae,Paniceae
Eleusine_coracana_v1.0,Eleusine coracana,PACMAD,Chloridoideae,Cynodonteae
Ragi_PR202_v._2.0,Eleusine coracana,PACMAD,Chloridoideae,Cynodonteae
ASM218045v1,Eleusine coracana,PACMAD,Chloridoideae,Cynodonteae
ASM3037835v1,Eleusine indica,PACMAD,Chloridoideae,Cynodonteae
ASM3041176v1,Eleusine indica,PACMAD,Chloridoideae,Cynodonteae
ASM336985v1,Eleusine indica,PACMAD,Chloridoideae,Cynodonteae
ASM2270932v1,Eleusine indica,PACMAD,Chloridoideae,Cynodonteae
AN21TS22,Elionurus barbiculmis,PACMAD,Panicoideae,Andropogoneae
AN22TNTL130,Elionurus bilinguis,PACMAD,Panicoideae,Andropogoneae
AN21TSTL0197,Elionurus ciliaris,PACMAD,Panicoideae,Andropogoneae
AN20TSCR000218,Elionurus citreus,PACMAD,Panicoideae,Andropogoneae
AN21TNTL0124,Elionurus elegans,PACMAD,Panicoideae,Andropogoneae
AN21TSTL0248,Elionurus euchaetus,PACMAD,Panicoideae,Andropogoneae
AN21TNTL0123,Elionurus hirtifolius,PACMAD,Panicoideae,Andropogoneae
AN20T185,Elionurus muticus,PACMAD,Panicoideae,Andropogoneae
AN21TS59,Elionurus muticus,PACMAD,Panicoideae,Andropogoneae
MCRTL050,Elionurus royleanus,PACMAD,Panicoideae,Andropogoneae
A1021002,Elionurus tripsacoides,PACMAD,Panicoideae,Andropogoneae
Et-Layton_Zhong168-DRAFT-PanAnd-1.0,Elionurus tripsacoides,PACMAD,Panicoideae,Andropogoneae
MCRTL059,Elymandra archaelymandra,PACMAD,Panicoideae,Andropogoneae
AN21TNTL0099,Elymandra lithophila,PACMAD,Panicoideae,Andropogoneae
AN21TNTL0125,Elymandra lithophila,PACMAD,Panicoideae,Andropogoneae
AN21TNTL0366,Elymandra subulata,PACMAD,Panicoideae,Andropogoneae
MCRTL043,Elymandra subulata,PACMAD,Panicoideae,Andropogoneae
CERZOS_EC1.0,Eragrostis curvula,PACMAD,Chloridoideae,Eragrostideae
MSU_Enin_2.1,Eragrostis nindensis,PACMAD,Chloridoideae,Eragrostideae
ASM97063v1,Eragrostis tef,PACMAD,Chloridoideae,Eragrostideae
Salk_teff_dabbi_3.0,Eragrostis tef,PACMAD,Chloridoideae,Eragrostideae
AN21TNTL0098,Eremochloa attenuata,PACMAD,Panicoideae,Andropogoneae
MCRTL019,Eremochloa ciliaris,PACMAD,Panicoideae,Andropogoneae
AN22TNTL025,Eremochloa ciliatifolia,PACMAD,Panicoideae,Andropogoneae
MCRTL022,Eremochloa eriopoda,PACMAD,Panicoideae,Andropogoneae
AN21TNTL0097,Eremochloa lanceolata,PACMAD,Panicoideae,Andropogoneae
AN21TSTL0020,Eremochloa ophiuroides,PACMAD,Panicoideae,Andropogoneae
AN21TS19,Eremochloa zeylanica,PACMAD,Panicoideae,Andropogoneae
AN20TSCR000208,Eriochrysis cayennensis,PACMAD,Panicoideae,Andropogoneae
AN21TSTL0216,Eriochrysis cayennensis,PACMAD,Panicoideae,Andropogoneae
AN21TSTL0225,Eriochrysis cayennensis,PACMAD,Panicoideae,Andropogoneae
AN21TS62,Eriochrysis holcoides,PACMAD,Panicoideae,Andropogoneae
AN21TS60,Eriochrysis laxa,PACMAD,Panicoideae,Andropogoneae
AN21TS61,Eriochrysis villosa,PACMAD,Panicoideae,Andropogoneae
MCRTL003,Euclasta condylotricha,PACMAD,Panicoideae,Andropogoneae
AN22TNTL056,Eulalia annua,PACMAD,Panicoideae,Andropogoneae
AN21TSTL0198,Eulalia aurea,PACMAD,Panicoideae,Andropogoneae
AN21TNTL0093,Eulalia monostachya,PACMAD,Panicoideae,Andropogoneae
AN21TS38,Eulalia polyneura,PACMAD,Panicoideae,Andropogoneae
AN21TNTL0129,Eulalia quadrinervis,PACMAD,Panicoideae,Andropogoneae
AN21TNTL0173,Eulalia villosa,PACMAD,Panicoideae,Andropogoneae
MCRTL015,Eulaliopsis binata,PACMAD,Panicoideae,Andropogoneae
AN21TNTL0148,Exotheca abyssinica,PACMAD,Panicoideae,Andropogoneae
Festuca_brevipila,Festuca brevipila,BOP,Pooideae,Poeae
AN21TNTL0126,Germainia capitata,PACMAD,Panicoideae,Andropogoneae
AN21TNTL0128,Germainia truncatiglumis,PACMAD,Panicoideae,Andropogoneae
KIB_Gang_2,Guadua angustifolia,BOP,Bambusoideae,Bambuseae
MCRTL053,Hackelochloa granularis,PACMAD,Panicoideae,Andropogoneae
AN21TSTL0234,Hackelochloa porifera,PACMAD,Panicoideae,Andropogoneae
AN20T190,Hemarthria altissima,PACMAD,Panicoideae,Andropogoneae
Hp-KelloggPI404118-DRAFT-PanAnd-1.0,Hemarthria compressa,PACMAD,Panicoideae,Andropogoneae
AN21TNTL0333,Hemarthria sibirica,PACMAD,Panicoideae,Andropogoneae
AN20T019,Hemarthria uncinata,PACMAD,Panicoideae,Andropogoneae
MCRTL010,Hemisorghum mekongense,PACMAD,Panicoideae,Andropogoneae
AN21TSTL0230,Heteropholis sulcata,PACMAD,Panicoideae,Andropogoneae
AN20T007,Heteropogon contortus,PACMAD,Panicoideae,Andropogoneae
Hc-AUB53_1-DRAFT-PanAnd-1.0,Heteropogon contortus,PACMAD,Panicoideae,Andropogoneae
AN20T191,Heteropogon melanocarpus,PACMAD,Panicoideae,Andropogoneae
AN20T020,Heteropogon melanocarpus,PACMAD,Panicoideae,Andropogoneae
AN20T010,Heteropogon triticeus,PACMAD,Panicoideae,Andropogoneae
MCRTL006,Heteropogon triticeus,PACMAD,Panicoideae,Andropogoneae
FB19_011_3,Hordeum bulbosum,BOP,Pooideae,Triticeae
A17,Hordeum bulbosum,BOP,Pooideae,Triticeae
FB19_001_1,Hordeum bulbosum,BOP,Pooideae,Triticeae
FB19_028_3,Hordeum bulbosum,BOP,Pooideae,Triticeae
A42,Hordeum bulbosum,BOP,Pooideae,Triticeae
ASM2249601v1,Hordeum marinum,BOP,Pooideae,Triticeae
Hordeum_pubiflorum_assembly1,Hordeum pubiflorum,BOP,Pooideae,Triticeae
MorexV3_pseudomolecules_assembly,Hordeum vulgare,BOP,Pooideae,Triticeae
Hvulgare_HOR_13663_BPGv2,Hordeum vulgare,BOP,Pooideae,Triticeae
Hvulgare_HOR_4224_BPGv2,Hordeum vulgare,BOP,Pooideae,Triticeae
Hvulgare_HOR_19184_BPGv2,Hordeum vulgare,BOP,Pooideae,Triticeae
Hvulgare_FT262_BPGv2,Hordeum vulgare,BOP,Pooideae,Triticeae
KIB_Hcal_1,Hsuehochloa calcarea,BOP,Bambusoideae,Arundinarieae
AN21TNTL0329,Hyparrhenia arrhenobasis,PACMAD,Panicoideae,Andropogoneae
AN21TNTL0328,Hyparrhenia barteri,PACMAD,Panicoideae,Andropogoneae
AT20TN1MCRTL026,Hyparrhenia bracteata,PACMAD,Panicoideae,Andropogoneae
AN21TNTL0334,Hyparrhenia collina,PACMAD,Panicoideae,Andropogoneae
AN21TNTL0335,Hyparrhenia confinis,PACMAD,Panicoideae,Andropogoneae
MCRTL055,Hyparrhenia confinis,PACMAD,Panicoideae,Andropogoneae
AN21TNTL0336,Hyparrhenia cyanescens,PACMAD,Panicoideae,Andropogoneae
AN21TSTL0269,Hyparrhenia cymbaria,PACMAD,Panicoideae,Andropogoneae
AN21TNTL0327,Hyparrhenia dichroa,PACMAD,Panicoideae,Andropogoneae
A1025002,Hyparrhenia diplandra,PACMAD,Panicoideae,Andropogoneae
Hd-A1025-Draft-PanAnd-1.0,Hyparrhenia diplandra,PACMAD,Panicoideae,Andropogoneae
AT20TN1MCRTL070,Hyparrhenia figariana,PACMAD,Panicoideae,Andropogoneae
AN21TSTL0268,Hyparrhenia filipendula,PACMAD,Panicoideae,Andropogoneae
AN21TS40,Hyparrhenia finitima,PACMAD,Panicoideae,Andropogoneae
AN21TNTL0321,Hyparrhenia gazensis,PACMAD,Panicoideae,Andropogoneae
MCRTL037,Hyparrhenia glabriuscula,PACMAD,Panicoideae,Andropogoneae
AN21TNTL0320,Hyparrhenia griffithii,PACMAD,Panicoideae,Andropogoneae
AN21TSTL0199,Hyparrhenia hirta,PACMAD,Panicoideae,Andropogoneae
MCRTL064,Hyparrhenia involucrata,PACMAD,Panicoideae,Andropogoneae
AT20TN1MCRTL029,Hyparrhenia madaropoda,PACMAD,Panicoideae,Andropogoneae
AN20T192,Hyparrhenia mobukensis,PACMAD,Panicoideae,Andropogoneae
AN21TSTL0042,Hyparrhenia newtonii,PACMAD,Panicoideae,Andropogoneae
AN21TNTL0319,Hyparrhenia niariensis,PACMAD,Panicoideae,Andropogoneae
AN22TNTL132,Hyparrhenia nyassae,PACMAD,Panicoideae,Andropogoneae
AN21TNTL0318,Hyparrhenia pilgeriana,PACMAD,Panicoideae,Andropogoneae
AN21TNTL0316,Hyparrhenia rudis,PACMAD,Panicoideae,Andropogoneae
AN20TSCR000212,Hyparrhenia rufa,PACMAD,Panicoideae,Andropogoneae
AN21TS10,Hyparrhenia rufa,PACMAD,Panicoideae,Andropogoneae
AT20TN1MCRTL056,Hyparrhenia schimperi,PACMAD,Panicoideae,Andropogoneae
AN21TS39,Hyparrhenia sp.,PACMAD,Panicoideae,Andropogoneae
AN21TNTL0324,Hyparrhenia subplumosa,PACMAD,Panicoideae,Andropogoneae
MCRTL067,Hyparrhenia umbrosa,PACMAD,Panicoideae,Andropogoneae
AN21TS41,Hyparrhenia variabilis,PACMAD,Panicoideae,Andropogoneae
AN21TNTL0322,Hyparrhenia welwitschii,PACMAD,Panicoideae,Andropogoneae
MCRTL013,Hyperthelia dissoluta,PACMAD,Panicoideae,Andropogoneae
AN21TSTL0213,Imperata brasiliensis,PACMAD,Panicoideae,Andropogoneae
AN21TS12,Imperata cylindrica,PACMAD,Panicoideae,Andropogoneae
AN21TS63,Imperata tenuis,PACMAD,Panicoideae,Andropogoneae
AN20T193,Ischaemum afrum,PACMAD,Panicoideae,Andropogoneae
AN21TNTL0311,Ischaemum amethystinum,PACMAD,Panicoideae,Andropogoneae
AN20T015,Ischaemum australe,PACMAD,Panicoideae,Andropogoneae
AN21TSTL0267,Ischaemum barbatum,PACMAD,Panicoideae,Andropogoneae
AN22TNTL073,Ischaemum bolei,PACMAD,Panicoideae,Andropogoneae
AN21TNTL0163,Ischaemum byrone,PACMAD,Panicoideae,Andropogoneae
AN21TSTL0266,Ischaemum decumbens,PACMAD,Panicoideae,Andropogoneae
AN21TNTL0161,Ischaemum glaucescens,PACMAD,Panicoideae,Andropogoneae
AN20T194,Ischaemum heterotrichum,PACMAD,Panicoideae,Andropogoneae
AN21TNTL0171,Ischaemum heterotrichum,PACMAD,Panicoideae,Andropogoneae
MCRTL021,Ischaemum hubbardii,PACMAD,Panicoideae,Andropogoneae
AN21TNTL0138,Ischaemum koenigii,PACMAD,Panicoideae,Andropogoneae
AN20T195,Ischaemum koleostachys,PACMAD,Panicoideae,Andropogoneae
AN22TNTL151,Ischaemum nativitatis,PACMAD,Panicoideae,Andropogoneae
AN20T196,Ischaemum polystachyum,PACMAD,Panicoideae,Andropogoneae
AN21TNTL0174,Ischaemum polystachyum,PACMAD,Panicoideae,Andropogoneae
AN22TNTL124,Ischaemum rangacharianum,PACMAD,Panicoideae,Andropogoneae
A1030002,Ischaemum rugosum,PACMAD,Panicoideae,Andropogoneae
Ir-Pasquet1136-DRAFT-PanAnd-1.0,Ischaemum rugosum,PACMAD,Panicoideae,Andropogoneae
AN21TNTL0309,Ischaemum timorense,PACMAD,Panicoideae,Andropogoneae
AN21TNTL0308,Iseilema ciliatum,PACMAD,Panicoideae,Andropogoneae
AN21TNTL0314,Iseilema fragile,PACMAD,Panicoideae,Andropogoneae
AN21TS32,Iseilema macratherum,PACMAD,Panicoideae,Andropogoneae
AN21TS33,Iseilema membranaceum,PACMAD,Panicoideae,Andropogoneae
AN21TNTL0167,Iseilema vaginiflorum,PACMAD,Panicoideae,Andropogoneae
AN22TNTL150,Iseilema venkateswarlui,PACMAD,Panicoideae,Andropogoneae
MCRTL008,Kerriochloa siamensis,PACMAD,Panicoideae,Andropogoneae
AN20T023,Lasiorhachis perrieri,PACMAD,Panicoideae,Andropogoneae
AN20T025,Lasiorhachis viguieri,PACMAD,Panicoideae,Andropogoneae
AN21TNTL0121,Lasiurus scindicus,PACMAD,Panicoideae,Andropogoneae
Lperr_V1.4,Leersia perrieri,BOP,Oryzoideae,Oryzeae
SRR8208366,Leymus chinensis,BOP,Pooideae,Triticeae
Lolium_arundinaceum,Lolium arundinaceum,BOP,Pooideae,Poeae
Rabiosa_unphased_assembly,Lolium multiflorum,BOP,Pooideae,Poeae
MPB_Lper_Kyuss_1697,Lolium perenne,BOP,Pooideae,Poeae
ASM173568v1,Lolium perenne,BOP,Pooideae,Poeae
APGP_CSIRO_Lrig_0.1,Lolium rigidum,BOP,Pooideae,Poeae
KIB_Mbac_1,Melocanna baccifera,BOP,Bambusoideae,Bambuseae
AN22TNTL163,Microstegium delicatulum,PACMAD,Panicoideae,Andropogoneae
AN21TNTL0154,Microstegium fasciculatum,PACMAD,Panicoideae,Andropogoneae
AN21TNTL0153,Microstegium geniculatum,PACMAD,Panicoideae,Andropogoneae
AN21TSTL0261,Microstegium japonicum,PACMAD,Panicoideae,Andropogoneae
AN20T197,Microstegium nudum,PACMAD,Panicoideae,Andropogoneae
AN20T041,Microstegium nudum,PACMAD,Panicoideae,Andropogoneae
AN21TSTL0200,Microstegium vimineum,PACMAD,Panicoideae,Andropogoneae
ASM2203655v1,Microstegium vimineum,PACMAD,Panicoideae,Andropogoneae
A1031001,Miscanthus ecklonii,PACMAD,Panicoideae,Andropogoneae
AN21TSTL0007,Miscanthus floridulus,PACMAD,Panicoideae,Andropogoneae
ASM1932011v1,Miscanthus floridulus,PACMAD,Panicoideae,Andropogoneae
A1033002,Miscanthus junceus,PACMAD,Panicoideae,Andropogoneae
Mlu_assembly,Miscanthus lutarioriparius,PACMAD,Panicoideae,Andropogoneae
AN21TNTL0157,Miscanthus nepalensis,PACMAD,Panicoideae,Andropogoneae
AN21TNTL0156,Miscanthus oligostachyus,PACMAD,Panicoideae,Andropogoneae
AN21TSTL0264,Miscanthus oligostachyus,PACMAD,Panicoideae,Andropogoneae
AN21TNTL0151,Miscanthus sacchariflorus,PACMAD,Panicoideae,Andropogoneae
Msac_v3,Miscanthus sacchariflorus,PACMAD,Panicoideae,Andropogoneae
Msinensis_497_v7.0,Miscanthus sinensis,PACMAD,Panicoideae,Andropogoneae
AN21TSTL0210,Miscanthus sinensis,PACMAD,Panicoideae,Andropogoneae
AN21TSTL0263,Miscanthus tinctorius,PACMAD,Panicoideae,Andropogoneae
AN21TNTL0096,Miscanthus violaceus,PACMAD,Panicoideae,Andropogoneae
AN20T018,Mnesithea formosa,PACMAD,Panicoideae,Andropogoneae
AN22TNTL133,Mnesithea mollicoma,PACMAD,Panicoideae,Andropogoneae
lpNeoColu1.0.hap1,Neostapfia colusana,PACMAD,Chloridoideae,Cynodonteae
lpNeoColu1.0.hap2,Neostapfia colusana,PACMAD,Chloridoideae,Cynodonteae
SRR7121569,Neyraudia reynaudiana,PACMAD,Chloridoideae,Triraphideae
KIB_Olat_2,Olyra latifolia,BOP,Bambusoideae,Olyreae
MCRTL024,Ophiuros megaphyllus,PACMAD,Panicoideae,Andropogoneae
Oropetium_capense,Oropetium capense,PACMAD,Chloridoideae,Cynodonteae
Oropetium_genomic_20141112,Oropetium thomaeum,PACMAD,Chloridoideae,Cynodonteae
MQ-UA-ANU_Oaus-KR_2.0,Oryza australiensis,BOP,Oryzoideae,Oryzeae
ObarRS3,Oryza barthii,BOP,Oryzoideae,Oryzeae
LB120v1,Oryza barthii,BOP,Oryzoideae,Oryzeae
TB65v1,Oryza barthii,BOP,Oryzoideae,Oryzeae
B88v1,Oryza barthii,BOP,Oryzoideae,Oryzeae
ObraRS2,Oryza brachyantha,BOP,Oryzoideae,Oryzeae
ASM3077008v1,Oryza coarctata,BOP,Oryzoideae,Oryzeae
OrCoar_V1,Oryza coarctata,BOP,Oryzoideae,Oryzeae
SCIS-JNU_Pcoar_1.0,Oryza coarctata,BOP,Oryzoideae,Oryzeae
OcoaRS1,Oryza coarctata,BOP,Oryzoideae,Oryzeae
OglaRS2,Oryza glaberrima,BOP,Oryzoideae,Oryzeae
OgluRS3,Oryza glumipatula,BOP,Oryzoideae,Oryzeae
Oryza_grandiglumis,Oryza grandiglumis,BOP,Oryzoideae,Oryzeae
Oryza_latifolia,Oryza latifolia,BOP,Oryzoideae,Oryzeae
Oryza_longiglumis,Oryza longiglumis,BOP,Oryzoideae,Oryzeae
ASM980554v1,Oryza longistaminata,BOP,Oryzoideae,Oryzeae
ASM151433v2,Oryza longistaminata,BOP,Oryzoideae,Oryzeae
O_longistaminata_v1.0,Oryza longistaminata,BOP,Oryzoideae,Oryzeae
Oryza_malampuzhaensis,Oryza malampuzhaensis,BOP,Oryzoideae,Oryzeae
OmerRS3,Oryza meridionalis,BOP,Oryzoideae,Oryzeae
ASM155179v1,Oryza meridionalis,BOP,Oryzoideae,Oryzeae
ASM399144v1,Oryza meyeriana,BOP,Oryzoideae,Oryzeae
ASM522336v2,Oryza meyeriana,BOP,Oryzoideae,Oryzeae
OnivRS2,Oryza nivara,BOP,Oryzoideae,Oryzeae
Oryza_officinalis_v1.0,Oryza officinalis,BOP,Oryzoideae,Oryzeae
OpunRS2,Oryza punctata,BOP,Oryzoideae,Oryzeae
Oryza_rhizomatis,Oryza rhizomatis,BOP,Oryzoideae,Oryzeae
O._rufipogonIRGC106523RS1,Oryza rufipogon,BOP,Oryzoideae,Oryzeae
ASM155180v1,Oryza rufipogon,BOP,Oryzoideae,Oryzeae
ASM81722v2,Oryza rufipogon,BOP,Oryzoideae,Oryzeae
IRGSP-1.0,Oryza sativa,BOP,Oryzoideae,Oryzeae
ZS97RS3,Oryza sativa,BOP,Oryzoideae,Oryzeae
AzucenaRS1,Oryza sativa,BOP,Oryzoideae,Oryzeae
Os132424RS1,Oryza sativa,BOP,Oryzoideae,Oryzeae
Os132278RS1,Oryza sativa,BOP,Oryzoideae,Oryzeae
KIB_Ogla_1,Otatea glauca,BOP,Bambusoideae,Bambuseae
AN21TNTL0359,Oxyrhachis gracillima,PACMAD,Panicoideae,Andropogoneae
PHallii_v3.1,Panicum hallii,PACMAD,Panicoideae,Paniceae
PhalliiHAL_v2.1,Panicum hallii,PACMAD,Panicoideae,Paniceae
BC332,Panicum miliaceum,PACMAD,Panicoideae,Paniceae
BC477,Panicum miliaceum,PACMAD,Panicoideae,Paniceae
BC404,Panicum miliaceum,PACMAD,Panicoideae,Paniceae
BC382,Panicum miliaceum,PACMAD,Panicoideae,Paniceae
BC100,Panicum miliaceum,PACMAD,Panicoideae,Paniceae
P.virgatum_v5,Panicum virgatum,PACMAD,Panicoideae,Paniceae
MCRTL018,Parahyparrhenia siamensis,PACMAD,Panicoideae,Andropogoneae
ASM2253091v1,Paspalum notatum,PACMAD,Panicoideae,Paspaleae
ASM3027231v1,Paspalum vaginatum,PACMAD,Panicoideae,Paspaleae
P.vaginatum_v3.1,Paspalum vaginatum,PACMAD,Panicoideae,Paspaleae
AN21TNTL0090,Phacelurus franksiae,PACMAD,Panicoideae,Andropogoneae
AN21TSTL0228,Phacelurus gabonensis,PACMAD,Panicoideae,Andropogoneae
AN22TNTL010,Phacelurus huillensis,PACMAD,Panicoideae,Andropogoneae
AN21TSTL0229,Phacelurus schliebenii,PACMAD,Panicoideae,Andropogoneae
AN21TNTL0365,Phacelurus zea,PACMAD,Panicoideae,Andropogoneae
ASM1935983v1,Pharus latifolius,outgroup,Pharoideae,Phareae
lpPhrAust1.1,Phragmites australis,PACMAD,Arundinoideae,Molinieae
lpPhrAust1.1_alternate_haplotype,Phragmites australis,PACMAD,Arundinoideae,Molinieae
PauV1,Phragmites australis,PACMAD,Arundinoideae,Molinieae
Phragmites_karka,Phragmites karka,PACMAD,Arundinoideae,Molinieae
Phyllostachys_bambusoides,Phyllostachys bambusoides,BOP,Bambusoideae,Arundinarieae
SRR18367042,Phyllostachys dulcis,BOP,Bambusoideae,Arundinarieae
KIB_Pedu_3,Phyllostachys edulis,BOP,Bambusoideae,Arundinarieae
ASM1103853v1,Phyllostachys edulis,BOP,Bambusoideae,Arundinarieae
Phyllostachys_heteroclada,Phyllostachys heteroclada,BOP,Bambusoideae,Arundinarieae
SRR12113912,Phyllostachys nidularia,BOP,Bambusoideae,Arundinarieae
Phyllostachys_nigra,Phyllostachys nigra,BOP,Bambusoideae,Arundinarieae
SRR18367053,Phyllostachys viridiglaucescens,BOP,Bambusoideae,Arundinarieae
FRR_PoAnn_1.0,Poa annua,BOP,Pooideae,Poeae
Poa_infirma,Poa infirma,BOP,Pooideae,Poeae
Pp-Kellogg1297-DRAFT-PanAnd-1.0,Poa pratensis,BOP,Pooideae,Poeae
Poa_pratensis_v1,Poa pratensis,BOP,Pooideae,Poeae
Poa_supina,Poa supina,BOP,Pooideae,Poeae
A1063002,Pogonatherum paniceum,PACMAD,Panicoideae,Andropogoneae
Pi-Clark-DRAFT-PanAnd-1.0,Pogonatherum paniceum,PACMAD,Panicoideae,Andropogoneae
MCRTL005,Polytoca digitata,PACMAD,Panicoideae,Andropogoneae
AN22TNTL080,Polytoca massiei,PACMAD,Panicoideae,Andropogoneae
AN21TSTL0181,Polytrias indica,PACMAD,Panicoideae,Andropogoneae
AN21TSTL0282,Pseudodichanthium serrafalcoides,PACMAD,Panicoideae,Andropogoneae
AN21TNTL0089,Pseudopogonatherum contortum,PACMAD,Panicoideae,Andropogoneae
MCRTL033,Pseudosorghum fasciculare,PACMAD,Panicoideae,Andropogoneae
Puccinellia_tenuiflora_refer_1.0,Puccinellia tenuiflora,BOP,Pooideae,Poeae
ASM519143v1,Raddia distichophylla,BOP,Bambusoideae,Olyreae
KIB_Rgui_2,Raddia guianensis,BOP,Bambusoideae,Olyreae
KIB_Rrac_1,Rhipidocladum racemiflorum,BOP,Bambusoideae,Bambuseae
AN21TNTL0355,Rhytachne glabra,PACMAD,Panicoideae,Andropogoneae
AN21TNTL0356,Rhytachne gonzalezii,PACMAD,Panicoideae,Andropogoneae
AN22TNTL086,Rhytachne gracilis,PACMAD,Panicoideae,Andropogoneae
AN22TNTL143,Rhytachne megastachya,PACMAD,Panicoideae,Andropogoneae
AN22TNTL087,Rhytachne perfecta,PACMAD,Panicoideae,Andropogoneae
Rr-Malcomber3106-DRAFT-PanAnd-1.0,Rhytachne rottboellioides,PACMAD,Panicoideae,Andropogoneae
AN21TNTL0354,Rhytachne triaristata,PACMAD,Panicoideae,Andropogoneae
AN21TNTL0095,Rottboellia afraurita,PACMAD,Panicoideae,Andropogoneae
AN21TSTL0214,Rottboellia aurita,PACMAD,Panicoideae,Andropogoneae
AN22TNTL085,Rottboellia balansae,PACMAD,Panicoideae,Andropogoneae
AN21TS43,Rottboellia campestris,PACMAD,Panicoideae,Andropogoneae
MCRTL001,Rottboellia campestris,PACMAD,Panicoideae,Andropogoneae
AN22TNTL081,Rottboellia cancellata,PACMAD,Panicoideae,Andropogoneae
MCRTL007,Rottboellia cochinchinensis,PACMAD,Panicoideae,Andropogoneae
AN21TSTL0182,Rottboellia helferi,PACMAD,Panicoideae,Andropogoneae
AN22TNTL164,Rottboellia impressa,PACMAD,Panicoideae,Andropogoneae
MCRTL014,Rottboellia rugosa,PACMAD,Panicoideae,Andropogoneae
MCRTL016,Rottboellia tessellata,PACMAD,Panicoideae,Andropogoneae
Rt-Layton_Zhong169-DRAFT-PanAnd-1.0,Rottboellia tuberculosa,PACMAD,Panicoideae,Andropogoneae
AN21TS15,Saccharum alopecuroides,PACMAD,Panicoideae,Andropogoneae
AN21TSTL0201,Saccharum alopecuroides,PACMAD,Panicoideae,Andropogoneae
AN21TS65,Saccharum angustifolium,PACMAD,Panicoideae,Andropogoneae
AN22TNTL141,Saccharum asperum,PACMAD,Panicoideae,Andropogoneae
AN21TSTL0009,Saccharum baldwinii,PACMAD,Panicoideae,Andropogoneae
AN21TS44,Saccharum brevibarbe,PACMAD,Panicoideae,Andropogoneae
AN22TNTL007,Saccharum coarctatum,PACMAD,Panicoideae,Andropogoneae
AN21TSTL0202,Saccharum contortum,PACMAD,Panicoideae,Andropogoneae
AN21TSTL0212,Saccharum fallax,PACMAD,Panicoideae,Andropogoneae
AN22TNTL090,Saccharum filifolium,PACMAD,Panicoideae,Andropogoneae
SRR20072574,Saccharum fulvum,PACMAD,Panicoideae,Andropogoneae
AN21TNTL0363,Saccharum giganteum,PACMAD,Panicoideae,Andropogoneae
AN21TSTL0270,Saccharum giganteum,PACMAD,Panicoideae,Andropogoneae
AN22TNTL008,Saccharum griffithii,PACMAD,Panicoideae,Andropogoneae
AN20T024,Saccharum hildebrandtii,PACMAD,Panicoideae,Andropogoneae
AN22TNTL091,Saccharum kajkaiense,PACMAD,Panicoideae,Andropogoneae
SRR7121975,Saccharum longisetosum,PACMAD,Panicoideae,Andropogoneae
AN21TSTL0250,Saccharum narenga,PACMAD,Panicoideae,Andropogoneae
AN22TNTL009,Saccharum officinarum,PACMAD,Panicoideae,Andropogoneae
ASM2063173v1,Saccharum officinarum,PACMAD,Panicoideae,Andropogoneae
AN21TS26,Saccharum robustum,PACMAD,Panicoideae,Andropogoneae
AN22TNTL092,Saccharum sikkimense,PACMAD,Panicoideae,Andropogoneae
AN21TSTL0204,Saccharum sinense,PACMAD,Panicoideae,Andropogoneae
ASM2245720v1,Saccharum spontaneum,PACMAD,Panicoideae,Andropogoneae
Sspon.HiC_chr_asm,Saccharum spontaneum,PACMAD,Panicoideae,Andropogoneae
Sugarcane_genome,Saccharum spontaneum,PACMAD,Panicoideae,Andropogoneae
AN21TNTL0362,Saccharum strictum,PACMAD,Panicoideae,Andropogoneae
AN21TS64,Saccharum villosum,PACMAD,Panicoideae,Andropogoneae
AN22TNTL093,Saccharum williamsii,PACMAD,Panicoideae,Andropogoneae
MCRTL025,Schizachyrium brevifolium,PACMAD,Panicoideae,Andropogoneae
MCRTL027,Schizachyrium brevifolium,PACMAD,Panicoideae,Andropogoneae
AT20TN1MCRTL048,Schizachyrium cirratum,PACMAD,Panicoideae,Andropogoneae
AN21TS66,Schizachyrium condensatum,PACMAD,Panicoideae,Andropogoneae
AN21TNTL0352,Schizachyrium crinizonatum,PACMAD,Panicoideae,Andropogoneae
AN22TNTL158,Schizachyrium cubense,PACMAD,Panicoideae,Andropogoneae
AN21TNTL0345,Schizachyrium delavayi,PACMAD,Panicoideae,Andropogoneae
MCRTL063,Schizachyrium delicatum,PACMAD,Panicoideae,Andropogoneae
MCRTL035,Schizachyrium exile,PACMAD,Panicoideae,Andropogoneae
MCRTL062,Schizachyrium fragile,PACMAD,Panicoideae,Andropogoneae
AN21TS67,Schizachyrium glaziovii,PACMAD,Panicoideae,Andropogoneae
AN22TNTL146,Schizachyrium gracile,PACMAD,Panicoideae,Andropogoneae
AN21TS68,Schizachyrium gracilipes,PACMAD,Panicoideae,Andropogoneae
MCRTL061,Schizachyrium gresicola,PACMAD,Panicoideae,Andropogoneae
AN21TS69,Schizachyrium hatschbachii,PACMAD,Panicoideae,Andropogoneae
AN21TNTL0137,Schizachyrium jeffreysii,PACMAD,Panicoideae,Andropogoneae
AN22TNTL159,Schizachyrium kwiluense,PACMAD,Panicoideae,Andropogoneae
MCRTL049,Schizachyrium lomaense,PACMAD,Panicoideae,Andropogoneae
AN21TNTL0343,Schizachyrium maclaudii,PACMAD,Panicoideae,Andropogoneae
MCRTL069,Schizachyrium microstachyum,PACMAD,Panicoideae,Andropogoneae
Sm-PI203595-DRAFT-PanAnd-1.0,Schizachyrium microstachyum,PACMAD,Panicoideae,Andropogoneae
AN22TNTL157,Schizachyrium muelleri,PACMAD,Panicoideae,Andropogoneae
AN21TNTL0344,Schizachyrium nodulosum,PACMAD,Panicoideae,Andropogoneae
AN21TNTL0346,Schizachyrium platyphyllum,PACMAD,Panicoideae,Andropogoneae
MCRTL030,Schizachyrium pseudeulalia,PACMAD,Panicoideae,Andropogoneae
AN21TNTL0347,Schizachyrium pulchellum,PACMAD,Panicoideae,Andropogoneae
AT20TN1MCRTL038,Schizachyrium reedii,PACMAD,Panicoideae,Andropogoneae
AN21TS11,Schizachyrium rhizomatum,PACMAD,Panicoideae,Andropogoneae
AN21TNTL0348,Schizachyrium rupestre,PACMAD,Panicoideae,Andropogoneae
AN22TNTL096,Schizachyrium salzmannii,PACMAD,Panicoideae,Andropogoneae
AN21TS05,Schizachyrium sanguineum,PACMAD,Panicoideae,Andropogoneae
AT20TN1MCRTL034,Schizachyrium sanguineum,PACMAD,Panicoideae,Andropogoneae
MCRTL039,Schizachyrium sanguineum,PACMAD,Panicoideae,Andropogoneae
MCRTL052,Schizachyrium sanguineum,PACMAD,Panicoideae,Andropogoneae
AN21TSTL0070,Schizachyrium scabriflorum,PACMAD,Panicoideae,Andropogoneae
Ss-CAM1384-DRAFT-PanAnd-1.0,Schizachyrium scoparium,PACMAD,Panicoideae,Andropogoneae
AN21TNTL0341,Schizachyrium semitectum,PACMAD,Panicoideae,Andropogoneae
AN21TS71,Schizachyrium spicatum,PACMAD,Panicoideae,Andropogoneae
MCRTL060,Schizachyrium spicatum,PACMAD,Panicoideae,Andropogoneae
AN21TSTL0205,Schizachyrium stoloniferum,PACMAD,Panicoideae,Andropogoneae
AN21TNTL0339,Schizachyrium sulcatum,PACMAD,Panicoideae,Andropogoneae
AN21TSTL0072,Schizachyrium tenerum,PACMAD,Panicoideae,Andropogoneae
MCRTL054,Schizachyrium thollonii,PACMAD,Panicoideae,Andropogoneae
MCRTL066,Schizachyrium thollonii,PACMAD,Panicoideae,Andropogoneae
SRR12113330,Schizostachyum dumetorum,BOP,Bambusoideae,Bambuseae
Rye_Lo7_2018_v1p1p1,Secale cereale,BOP,Pooideae,Triticeae
HAU_Weining_v1.0,Secale cereale,BOP,Pooideae,Triticeae
SRR15440587,Secale sylvestre,BOP,Pooideae,Triticeae
AN21TNTL0353,Sehima ischaemoides,PACMAD,Panicoideae,Andropogoneae
AN22TNTL144,Sehima nervosa,PACMAD,Panicoideae,Andropogoneae
AN22TNTL160,Sehima sulcata,PACMAD,Panicoideae,Andropogoneae
Setaria_italica_v2.0,Setaria italica,PACMAD,Panicoideae,Paniceae
ASM165260v1,Setaria italica,PACMAD,Panicoideae,Paniceae
Setaria_viridis_v2.0,Setaria viridis,PACMAD,Panicoideae,Paniceae
ASM1293433v1,Setaria viridis,PACMAD,Panicoideae,Paniceae
AN21TNTL0292,Sorghastrum balansae,PACMAD,Panicoideae,Andropogoneae
AN21TS27,Sorghastrum elliottii,PACMAD,Panicoideae,Andropogoneae
AN21TNTL0091,Sorghastrum fuscescens,PACMAD,Panicoideae,Andropogoneae
AN22TNTL148,Sorghastrum incompletum,PACMAD,Panicoideae,Andropogoneae
AN20T026,Sorghastrum nudipes,PACMAD,Panicoideae,Andropogoneae
Sn-CAM1369-DRAFT-PanAnd-1.0,Sorghastrum nutans,PACMAD,Panicoideae,Andropogoneae
AN21TSTL0275,Sorghastrum pellitum,PACMAD,Panicoideae,Andropogoneae
AN21TNTL0092,Sorghastrum pogonostachyum,PACMAD,Panicoideae,Andropogoneae
AN21TS21,Sorghastrum secundum,PACMAD,Panicoideae,Andropogoneae
AN21TS29,Sorghastrum secundum,PACMAD,Panicoideae,Andropogoneae
AN21TSTL0207,Sorghastrum stipoides,PACMAD,Panicoideae,Andropogoneae
AN22TNTL147,Sorghastrum viride,PACMAD,Panicoideae,Andropogoneae
AN20TSCR000210,Sorghum arundinaceum,PACMAD,Panicoideae,Andropogoneae
AN21TSTL0215,Sorghum arundinaceum,PACMAD,Panicoideae,Andropogoneae
AN21TSTL0224,Sorghum arundinaceum,PACMAD,Panicoideae,Andropogoneae
Sorghum_bicolor_NCBIv3,Sorghum bicolor,PACMAD,Panicoideae,Andropogoneae
ASM3354695v1,Sorghum bicolor,PACMAD,Panicoideae,Andropogoneae
ASM3354697v1,Sorghum bicolor,PACMAD,Panicoideae,Andropogoneae
TX2783,Sorghum bicolor,PACMAD,Panicoideae,Andropogoneae
CPNAM-Leoti,Sorghum bicolor,PACMAD,Panicoideae,Andropogoneae
Sorghum_brachypodum,Sorghum brachypodum,PACMAD,Panicoideae,Andropogoneae
AN22TNTL165,Sorghum controversum,PACMAD,Panicoideae,Andropogoneae
Sorghum_halepense,Sorghum halepense,PACMAD,Panicoideae,Andropogoneae
AN21TNTL0301,Sorghum intrans,PACMAD,Panicoideae,Andropogoneae
AN21TSTL0257,Sorghum laxiflorum,PACMAD,Panicoideae,Andropogoneae
Sorghum_leiocladum,Sorghum leiocladum,PACMAD,Panicoideae,Andropogoneae
AN21TNTL0304,Sorghum matarankense,PACMAD,Panicoideae,Andropogoneae
AN21TNTL0294,Sorghum propinquum,PACMAD,Panicoideae,Andropogoneae
Sorghum_purpureosericeum,Sorghum purpureosericeum,PACMAD,Panicoideae,Andropogoneae
AN21TSTL0256,Sorghum stipoideum,PACMAD,Panicoideae,Andropogoneae
AN21TNTL0291,Sorghum timorense,PACMAD,Panicoideae,Andropogoneae
AN21TNTL0293,Sorghum trichocladum,PACMAD,Panicoideae,Andropogoneae
AN22TNTL152,Sorghum versicolor,PACMAD,Panicoideae,Andropogoneae
AN22TNTL088,Sorghum virgatum,PACMAD,Panicoideae,Andropogoneae
AN21TNTL0296,Spodiopogon cotulifer,PACMAD,Panicoideae,Andropogoneae
AN21TNTL0302,Spodiopogon depauperatus,PACMAD,Panicoideae,Andropogoneae
AN21TNTL0299,Spodiopogon duclouxii,PACMAD,Panicoideae,Andropogoneae
AN21TNTL0298,Spodiopogon lacei,PACMAD,Panicoideae,Andropogoneae
AN21TSTL0209,Spodiopogon sibiricus,PACMAD,Panicoideae,Andropogoneae
AN21TSTL0208,Spodiopogon tainanensis,PACMAD,Panicoideae,Andropogoneae
ASM880805v3,Sporobolus alterniflorus,PACMAD,Chloridoideae,Zoysieae
Sporobolus_pyramidalis,Sporobolus pyramidalis,PACMAD,Chloridoideae,Zoysieae
Sporobolus_stapfianus,Sporobolus stapfianus,PACMAD,Chloridoideae,Zoysieae
TSU_Scap_1,Stipa capillata,BOP,Pooideae,Stipeae
ISU_Sangustifolia_v1,Streptochaeta angustifolia,outgroup,Anomochlooideae,Streptochaeteae
AN22TNTL154,Thaumastochloa major,PACMAD,Panicoideae,Andropogoneae
AN21TNTL0135,Thaumastochloa striata,PACMAD,Panicoideae,Andropogoneae
Te-Pasquet1246-DRAFT-PanAnd-1.0,Thelepogon elegans,PACMAD,Panicoideae,Andropogoneae
AN21TS18,Themeda anathera,PACMAD,Panicoideae,Andropogoneae
AN22TNTL134,Themeda arguens,PACMAD,Panicoideae,Andropogoneae
AN20T012,Themeda avenacea,PACMAD,Panicoideae,Andropogoneae
AN21TSTL0258,Themeda caudata,PACMAD,Panicoideae,Andropogoneae
AN21TSTL0259,Themeda hookeri,PACMAD,Panicoideae,Andropogoneae
AN20T009,Themeda quadrivalvis,PACMAD,Panicoideae,Andropogoneae
Tt-AUB21_1-DRAFT-PanAnd-1.0,Themeda triandra,PACMAD,Panicoideae,Andropogoneae
ASM1813568v1,Themeda triandra,PACMAD,Panicoideae,Andropogoneae
ASM2560326v1,Themeda triandra,PACMAD,Panicoideae,Andropogoneae
ASM1179987v1,Thinopyrum elongatum,BOP,Pooideae,Triticeae
Tintermedium_770_v3.0,Thinopyrum intermedium,BOP,Pooideae,Triticeae
4AgS,Thinopyrum obtusiflorum,BOP,Pooideae,Triticeae
MCRTL023,Trachypogon chevalieri,PACMAD,Panicoideae,Andropogoneae
MCRTL017,Trachypogon spicatus,PACMAD,Panicoideae,Andropogoneae
AN21TSTL0251,Tripidium arundinaceum,PACMAD,Panicoideae,Andropogoneae
ASM3043976v1,Tripidium arundinaceum,PACMAD,Panicoideae,Andropogoneae
Tripidium_ravennae,Tripidium ravennae,PACMAD,Panicoideae,Andropogoneae
Tripogon_filiformis,Tripogon filiformis,PACMAD,Chloridoideae,Cynodonteae
AN21TSTL0252,Tripsacum andersonii,PACMAD,Panicoideae,Andropogoneae
AN21TSTL0045,Tripsacum australe,PACMAD,Panicoideae,Andropogoneae
MCRTL009,Tripsacum australe,PACMAD,Panicoideae,Andropogoneae
AN21TSTL0206,Tripsacum cundinamarce,PACMAD,Panicoideae,Andropogoneae
Td-McKain334_5-DRAFT-PanAnd-1.0,Tripsacum dactyloides,PACMAD,Panicoideae,Andropogoneae
Td-FL_9056069_6-REFERENCE-PanAnd-2.0a,Tripsacum dactyloides,PACMAD,Panicoideae,Andropogoneae
Td-FL_9056069_6-REFERENCE-PanAnd-2.0b,Tripsacum dactyloides,PACMAD,Panicoideae,Andropogoneae
Td-KS_B6_1-REFERENCE-PanAnd-2.0a,Tripsacum dactyloides,PACMAD,Panicoideae,Andropogoneae
Td-KS_B6_1-REFERENCE-PanAnd-2.0b,Tripsacum dactyloides,PACMAD,Panicoideae,Andropogoneae
AN21TSTL0013,Tripsacum jalapense,PACMAD,Panicoideae,Andropogoneae
AN21TSTL0048,Tripsacum lanceolatum,PACMAD,Panicoideae,Andropogoneae
AN21TSTL0254,Tripsacum lanceolatum,PACMAD,Panicoideae,Andropogoneae
AN21TNTL0131,Tripsacum latifolium,PACMAD,Panicoideae,Andropogoneae
AN21TS46,Tripsacum laxum,PACMAD,Panicoideae,Andropogoneae
MCRTL002,Tripsacum laxum,PACMAD,Panicoideae,Andropogoneae
AN22TNTL021,Tripsacum manisuroides,PACMAD,Panicoideae,Andropogoneae
AN21TSTL0047,Tripsacum peruvianum,PACMAD,Panicoideae,Andropogoneae
AN21TNTL0132,Tripsacum pilosum,PACMAD,Panicoideae,Andropogoneae
Tz-DC_05_58_3A-DRAFT-PanAnd-1.0,Tripsacum zopolitense,PACMAD,Panicoideae,Andropogoneae
IWGSC_CS_RefSeq_v2.1,Triticum aestivum,BOP,Pooideae,Triticeae
10wheat_assembly_lancer,Triticum aestivum,BOP,Pooideae,Triticeae
10wheat_assembly_stanley,Triticum aestivum,BOP,Pooideae,Triticeae
10wheat_assembly_jagger,Triticum aestivum,BOP,Pooideae,Triticeae
Triticum_aestivum_Claire_EIv1.1,Triticum aestivum,BOP,Pooideae,Triticeae
WEW_v2.1,Triticum dicoccoides,BOP,Pooideae,Triticeae
PI306540_Tmono,Triticum monococcum,BOP,Pooideae,Triticeae
Triticum_petropavlovskyi,Triticum petropavlovskyi,BOP,Pooideae,Triticeae
SRR13484808,Triticum timopheevii,BOP,Pooideae,Triticeae
Svevo.v1,Triticum turgidum,BOP,Pooideae,Triticeae
ASM2338475v1,Triticum turgidum,BOP,Pooideae,Triticeae
ASM2338477v1,Triticum turgidum,BOP,Pooideae,Triticeae
ASM2338479v1,Triticum turgidum,BOP,Pooideae,Triticeae
Tu2.1,Triticum urartu,BOP,Pooideae,Triticeae
lpTucGree1.0.hap1,Tuctoria greenei,PACMAD,Chloridoideae,Cynodonteae
lpTucGree1.0.hap2,Tuctoria greenei,PACMAD,Chloridoideae,Cynodonteae
AN22TSTL001,Unknown,PACMAD,Panicoideae,Andropogoneae
AN20T027,Urelytrum agropyroides,PACMAD,Panicoideae,Andropogoneae
MCRTL011,Urelytrum agropyroides,PACMAD,Panicoideae,Andropogoneae
A1076001,Urelytrum digitatum,PACMAD,Panicoideae,Andropogoneae
Ud-Pasquet1171-DRAFT-PanAnd-1.0,Urelytrum digitatum,PACMAD,Panicoideae,Andropogoneae
AN22TNTL166,Urelytrum giganteum,PACMAD,Panicoideae,Andropogoneae
AN22TNTL105,Urelytrum henrardii,PACMAD,Panicoideae,Andropogoneae
Urochloa_brizantha,Urochloa brizantha,PACMAD,Panicoideae,Paniceae
Embrapa_Uruz_1.0,Urochloa ruziziensis,PACMAD,Panicoideae,Paniceae
Bruz,Urochloa ruziziensis,PACMAD,Panicoideae,Paniceae
A1077002,Vossia cuspidata,PACMAD,Panicoideae,Andropogoneae
Vc-Pasquet1098-DRAFT-PanAnd-1.0,Vossia cuspidata,PACMAD,Panicoideae,Andropogoneae
AN21TS49,Zea diploperennis,PACMAD,Panicoideae,Andropogoneae
MCRTL020,Zea diploperennis,PACMAD,Panicoideae,Andropogoneae
Zd-Gigi-REFERENCE-PanAnd-1.0,Zea diploperennis,PACMAD,Panicoideae,Andropogoneae
Zd-Momo-REFERENCE-PanAnd-1.0,Zea diploperennis,PACMAD,Panicoideae,Andropogoneae
Zl-RIL003-REFERENCE-PanAnd-1.0,Zea luxurians,PACMAD,Panicoideae,Andropogoneae
ASM2944929v1,Zea luxurians,PACMAD,Panicoideae,Andropogoneae
Zm-B73-REFERENCE-NAM-5.0,Zea mays,PACMAD,Panicoideae,Andropogoneae
Zm-B73-REFERENCE-NAM-5.0,Zea mays,PACMAD,Panicoideae,Andropogoneae
Zm-Mo17-REFERENCE-CAU-T2T-assembly,Zea mays,PACMAD,Panicoideae,Andropogoneae
Zm-NC350-REFERENCE-NAM-1.0,Zea mays,PACMAD,Panicoideae,Andropogoneae
Zm-P39-REFERENCE-NAM-1.0,Zea mays,PACMAD,Panicoideae,Andropogoneae
Zm-CML322-REFERENCE-NAM-1.0,Zea mays,PACMAD,Panicoideae,Andropogoneae
Zh-RIMHU001-REFERENCE-PanAnd-1.0,Zea mays subsp . huehuetenangensis,PACMAD,Panicoideae,Andropogoneae
Zx-PI566673-REFERENCE-YAN-1.0,Zea mays subsp. mexicana,PACMAD,Panicoideae,Andropogoneae
Zx-TIL18-REFERENCE-PanAnd-1.0,Zea mays subsp. mexicana,PACMAD,Panicoideae,Andropogoneae
Zx-TIL25-REFERENCE-PanAnd-1.0,Zea mays subsp. mexicana,PACMAD,Panicoideae,Andropogoneae
Zv-TIL01-REFERENCE-PanAnd-1.0,Zea mays subsp. parviglumis,PACMAD,Panicoideae,Andropogoneae
Zv-TIL11-REFERENCE-PanAnd-1.0,Zea mays subsp. parviglumis,PACMAD,Panicoideae,Andropogoneae
AT20TS1MCRTL012,Zea nicaraguensis,PACMAD,Panicoideae,Andropogoneae
Zn-PI615697-REFERENCE-PanAnd-1.0,Zea nicaraguensis,PACMAD,Panicoideae,Andropogoneae
AN21TNTL0368,Zea perennis,PACMAD,Panicoideae,Andropogoneae
Zizania_latifolia_v01,Zizania latifolia,BOP,Oryzoideae,Oryzeae
ASM1927943v1,Zizania palustris,BOP,Oryzoideae,Oryzeae
ASM160227v1,Zoysia japonica,PACMAD,Chloridoideae,Zoysieae
SRR23951516,Zoysia macrostachya,PACMAD,Chloridoideae,Zoysieae
ASM160229v1,Zoysia matrella,PACMAD,Chloridoideae,Zoysieae
ASM160231v1,Zoysia pacifica,PACMAD,Chloridoideae,Zoysieae
Zoysia_sinica,Zoysia sinica,PACMAD,Chloridoideae,Zoysieae